Filename	Groundtruth	EPOCH100	EPOCH200	EPOCH300	EPOCH400	EPOCH500	EPOCH600	EPOCH700	EPOCH800	EPOCH900	EPOCH1000	
subject2_file_336	[0, 1, 3]	[0, 1, 4, 9]	[0, 1, 3, 4]	[0, 1, 3, 4, 9]	[0, 1, 3, 4]	[0, 1, 3, 4, 9]	[3]	[0, 1, 3, 4]	[0, 1, 3, 4]	[0, 1, 3, 4]	[0, 1, 3, 4]	
subject2_file_308	[3]	[3]	[0, 3, 4]	[3]	[0, 3, 4]	[3]	[3]	[3]	[3]	[3]	[3]	
subject2_file_218	[0, 1, 3, 4]	[0, 1, 4, 9]	[0, 1, 3, 4, 9]	[0, 1, 3, 4, 9]	[0, 1, 3, 4]	[0, 1, 3, 4, 9]	[0, 1, 3, 4, 9]	[0, 1, 3, 4]	[3]	[0, 1, 3, 4]	[0, 1, 4]	
subject2_file_257	[4, 9]	[0, 1, 4, 9]	[0, 1, 3, 4, 9]	[0, 1, 3, 4, 9]	[0, 1, 3, 4, 9]	[0, 1, 3, 4, 9]	[0, 1, 4, 9]	[0, 1, 3, 4]	[0, 1, 3, 4]	[0, 1, 3, 4]	[4, 9]	
subject2_file_324	[0, 1, 3]	[0, 1, 4]	[0, 1, 3, 4]	[0, 1, 3, 4, 9]	[0, 1, 3, 4]	[0, 1, 3, 4, 9]	[3]	[0, 1, 3, 4]	[0, 1, 3, 4]	[0, 1, 3, 4]	[0, 1, 3, 4]	
subject2_file_263	[3, 6]	[3]	[0, 1, 3, 4, 9]	[3]	[0, 1, 3, 4, 9]	[3, 6]	[3]	[3]	[3]	[3, 9]	[3]	
subject2_file_314	[1, 3]	[0, 1, 4, 9]	[0, 1, 3, 4, 9]	[0, 1, 3, 4, 9]	[0, 1, 3, 4]	[0, 1, 3, 4, 9]	[3]	[0, 1, 4, 9]	[0, 1, 3, 4]	[0, 1, 3, 4]	[0, 1, 3, 4]	
subject2_file_368	[4]	[0, 1, 4, 9]	[0, 1, 3, 4]	[0, 1, 3, 4, 9]	[0, 1, 3, 4]	[0, 1, 3, 4, 9]	[0, 1, 4, 9]	[0, 1, 4]	[0, 1, 3, 4]	[0, 1, 3, 4]	[0, 1, 3, 4]	
subject1_file_980	[4, 9]	[3, 4]	[0, 3, 4]	[3]	[0, 3, 4]	[3, 4, 9]	[3, 4]	[3]	[0, 3]	[0, 1, 3, 4]	[0, 3]	
subject1_file_807	[0, 3, 6]	[3, 4]	[0, 1, 3, 4]	[3]	[0, 1, 3, 4]	[0, 3, 4]	[3]	[3]	[3]	[3]	[3]	
subject1_file_96	[8, 9]	[0, 1, 4, 9]	[0, 1, 3, 4, 9]	[0, 1, 3, 4, 9]	[0, 1, 3, 4, 9]	[0, 1, 4, 9]	[0, 1, 4, 9]	[0, 1, 4, 9]	[4, 9]	[0, 1, 4, 9]	[4, 9]	
subject1_file_871	[3, 7, 8]	[0, 1, 3, 4]	[0, 1, 3, 4]	[0, 1, 3, 4]	[0, 1, 3, 4]	[0, 1, 3, 4, 9]	[3]	[0, 1, 3, 4]	[0, 1, 3, 4]	[0, 1, 3, 4]	[0, 1, 3, 4]	
subject1_file_853	[0, 6, 9]	[0, 1, 4, 9]	[0, 1, 3, 4, 9]	[0, 1, 3, 4, 9]	[0, 1, 3, 4, 9]	[0, 1, 3, 4, 9]	[3]	[0, 1, 4, 9]	[0, 1, 4, 9]	[0, 1, 3, 4]	[1, 4, 9]	
subject1_file_140	[3]	[0, 1, 4, 9]	[0, 1, 3, 4, 9]	[0, 1, 3, 4, 9]	[0, 1, 3, 4]	[0, 1, 3, 4]	[3]	[0, 1, 3, 4]	[3]	[3]	[3]	
subject1_file_11	[4, 9]	[0, 1, 4]	[0, 1, 3, 4]	[0, 1, 3, 4, 9]	[0, 1, 3, 4]	[0, 1, 3, 4, 9]	[0, 1, 4, 9]	[0, 1, 4, 9]	[0, 1, 3, 4]	[0, 1, 3, 4]	[0, 1, 4, 9]	
subject2_file_129	[0, 1, 4]	[0, 1, 3, 4]	[0, 1, 3, 4]	[0, 1, 3, 4, 9]	[0, 1, 3, 4]	[0, 1, 3, 4, 9]	[0, 1, 4, 9]	[0, 1, 3, 4]	[0, 1, 3, 4]	[0, 1, 3, 4]	[0, 1, 4, 9]	
subject2_file_114	[0, 1, 3]	[0, 1, 3, 4]	[0, 1, 3, 4]	[0, 1, 3, 4]	[0, 1, 3, 4]	[0, 1, 3, 4]	[3]	[0, 1, 3, 4]	[0, 1, 3, 4]	[0, 1, 3, 4]	[0, 1, 3, 4]	
subject2_file_402	[1, 3]	[0, 1, 4, 9]	[0, 1, 3, 4]	[0, 1, 3, 4, 9]	[0, 1, 3, 4]	[0, 1, 4, 9]	[3]	[0, 1, 4, 9]	[0, 1, 3, 4]	[0, 1, 3, 4]	[0, 1, 4, 9]	
subject2_file_409	[1, 4]	[0, 1, 4, 9]	[0, 1, 3, 4, 9]	[0, 1, 3, 4, 9]	[0, 1, 3, 4, 9]	[0, 1, 4, 9]	[0, 1, 4, 9]	[0, 1, 3, 4]	[0, 1, 3, 4]	[0, 1, 3, 4]	[0, 1, 4]	
subject2_file_17	[3, 7, 8, 9]	[0, 1, 4, 9]	[0, 1, 3, 4, 9]	[0, 1, 3, 4, 9]	[0, 1, 3, 4, 9]	[0, 1, 4, 9]	[3]	[4, 9]	[4, 5, 9]	[4, 9]	[4, 9]	
subject2_file_157	[0, 2, 4, 5, 9]	[0, 1, 4, 9]	[0, 1, 3, 4, 9]	[0, 1, 3, 4, 9]	[0, 1, 3, 4, 9]	[0, 1, 4, 9]	[0, 1, 4, 9]	[0, 1, 4, 9]	[4, 9]	[4, 9]	[4, 9]	
subject2_file_138	[3]	[0, 1, 3, 4]	[0, 1, 3, 4]	[0, 1, 3, 4]	[0, 1, 3, 4]	[0, 3]	[3]	[3]	[3]	[0, 3, 4]	[0, 1, 3, 4]	
subject2_file_180	[4]	[0, 1, 4, 9]	[0, 1, 3, 4, 9]	[0, 1, 3, 4, 9]	[0, 1, 3, 4, 9]	[0, 1, 4, 9]	[0, 1, 4, 9]	[0, 1, 4, 9]	[0, 1, 3, 4]	[0, 1, 3, 4]	[0, 1, 4, 9]	
subject2_file_202	[8, 9]	[0, 1, 4, 9]	[0, 1, 3, 4, 9]	[0, 1, 4, 9]	[0, 1, 3, 4, 9]	[0, 1, 4, 9]	[3]	[9]	[0, 1, 4, 9]	[0, 1, 3, 4, 9]	[4, 9]	
subject2_file_344	[7, 8, 9]	[0, 1, 4, 9]	[0, 1, 3, 4]	[0, 1, 3, 4, 9]	[0, 1, 3, 4, 9]	[0, 1, 4, 9]	[0, 1, 4, 9]	[4, 9]	[4, 9]	[4, 9]	[4, 9]	
subject2_file_358	[0, 1, 4]	[0, 1, 4, 9]	[0, 1, 3, 4, 9]	[0, 1, 3, 4, 9]	[0, 1, 3, 4]	[0, 1, 4, 9]	[0, 1, 3, 4, 9]	[0, 1, 3, 4]	[0, 1, 3, 4]	[0, 1, 3, 4]	[0, 1, 3, 4]	
subject2_file_25	[0, 4, 9]	[0, 1, 3, 4]	[0, 1, 3, 4]	[0, 1, 3, 4, 9]	[0, 1, 3, 4]	[0, 1, 3, 4, 9]	[3]	[0, 1, 3, 4]	[0, 1, 3, 4]	[0, 1, 3, 4]	[0, 1, 3, 4]	
subject2_file_328	[3]	[3]	[0, 3, 4]	[3]	[3]	[3, 6]	[3, 6]	[3]	[3]	[3]	[3]	
subject2_file_248	[0, 1, 3, 4, 7]	[0, 1, 3, 4]	[0, 1, 3, 4, 9]	[0, 1, 3, 4, 9]	[0, 1, 3, 4, 9]	[0, 1, 3, 4]	[3]	[0, 1, 3, 4]	[0, 1, 3, 4]	[0, 1, 3, 4]	[0, 1, 4]	
subject2_file_325	[3]	[3]	[3]	[3]	[3]	[3, 6]	[3]	[3]	[3]	[3]	[3]	
subject2_file_295	[1, 3]	[0, 1, 4, 9]	[0, 1, 3, 4, 9]	[0, 1, 3, 4, 9]	[0, 1, 3, 4]	[0, 1, 3, 4, 9]	[3]	[0, 1, 3, 4]	[0, 1, 3, 4]	[0, 1, 3, 4]	[0, 1, 4, 9]	
subject2_file_204	[1, 3]	[0, 1, 4, 9]	[0, 1, 3, 4, 9]	[0, 1, 3, 4, 9]	[0, 1, 3, 4]	[0, 1, 4, 9]	[3]	[0, 1, 3, 4]	[0, 1, 3, 4]	[0, 1, 3, 4]	[0, 1, 3, 4]	
subject2_file_378	[4, 5, 9]	[0, 1, 4, 9]	[0, 1, 3, 4, 9]	[0, 1, 3, 4, 9]	[0, 1, 3, 4]	[0, 1, 3, 4, 9]	[3]	[0, 1, 4, 9]	[0, 1, 3, 4]	[0, 1, 3, 4]	[4, 9]	
subject2_file_37	[4, 9]	[0, 1, 4, 9]	[0, 1, 3, 4, 9]	[0, 1, 3, 4, 9]	[0, 1, 3, 4, 9]	[0, 1, 3, 4, 9]	[0, 1, 4, 9]	[4, 9]	[4, 9]	[4, 9]	[4, 9]	
subject2_file_341	[8, 9]	[0, 1, 4, 9]	[0, 1, 3, 4, 9]	[0, 3, 4, 9]	[0, 1, 3, 4, 9]	[0, 3, 4, 9]	[3]	[4, 9]	[4, 9]	[4, 9]	[4, 9]	
subject1_file_204	[0, 1, 4]	[0, 1, 4, 9]	[0, 1, 3, 4, 9]	[0, 1, 3, 4, 9]	[0, 1, 3, 4, 9]	[0, 1, 4, 9]	[0, 1, 4, 9]	[0, 1, 4]	[0, 1, 3, 4]	[0, 1, 3, 4]	[0, 1, 4]	
subject1_file_873	[3]	[3, 4]	[0, 1, 3, 4, 9]	[3]	[0, 1, 3, 4, 9]	[0, 3, 4, 9]	[3]	[3]	[3]	[3]	[3]	
subject1_file_979	[3]	[3]	[0, 3, 4, 9]	[3]	[3]	[3]	[3]	[3]	[3]	[3]	[3]	
subject1_file_98	[4, 9]	[0, 1, 3, 4]	[0, 1, 3, 4]	[0, 1, 3, 4, 9]	[0, 1, 3, 4]	[0, 1, 3, 4, 9]	[0, 1, 3, 4, 9]	[0, 1, 3, 4]	[0, 1, 3, 4]	[0, 1, 3, 4]	[0, 1, 3, 4]	
subject1_file_814	[4, 9]	[0, 1, 4, 9]	[0, 1, 3, 4, 9]	[0, 1, 3, 4, 9]	[0, 1, 3, 4, 9]	[0, 1, 4, 9]	[0, 1, 4, 9]	[0, 1, 4, 9]	[4, 9]	[4, 9]	[4, 9]	
subject1_file_869	[3]	[0, 1, 4, 9]	[0, 1, 3, 4, 9]	[0, 1, 3, 4, 9]	[0, 1, 3, 4]	[0, 1, 3, 4, 9]	[3]	[3]	[3]	[3]	[3]	
subject1_file_808	[3]	[3, 4]	[0, 1, 3, 4]	[3]	[0, 1, 3, 4]	[0, 1, 3, 4]	[3, 6]	[3]	[3, 4]	[3]	[3]	
subject2_file_101	[4]	[0, 1, 4, 9]	[0, 1, 3, 4, 9]	[0, 1, 3, 4, 9]	[0, 1, 3, 4]	[0, 1, 4, 9]	[0, 1, 4, 9]	[0, 1, 4, 9]	[0, 1, 3, 4]	[0, 1, 3, 4]	[0, 1, 4, 9]	
subject1_file_784	[0, 9]	[0, 1, 4, 9]	[0, 1, 3, 4]	[0, 1, 3, 4, 9]	[0, 1, 3, 4]	[0, 1, 4, 9]	[3]	[0, 1, 3, 4]	[0, 1, 3, 4]	[0, 1, 3, 4]	[0, 1, 4, 9]	
subject2_file_172	[0, 4, 9]	[0, 1, 4]	[0, 1, 3, 4]	[0, 1, 3, 4, 9]	[0, 1, 3, 4]	[0, 1, 3, 4, 9]	[3]	[0, 1, 4, 9]	[0, 1, 3, 4]	[0, 1, 3, 4]	[1, 4, 9]	
subject2_file_171	[3]	[0, 1, 4, 9]	[0, 1, 3, 4, 9]	[0, 1, 3, 4]	[0, 1, 3, 4]	[0, 1, 3, 4]	[3]	[3, 4]	[3]	[3]	[3]	
subject2_file_199	[0, 1, 2, 4, 5]	[0, 1, 4, 9]	[0, 1, 3, 4, 9]	[0, 1, 3, 4, 9]	[0, 1, 3, 4]	[0, 1, 3, 4, 9]	[0, 1, 3, 4, 9]	[0, 1, 3, 4]	[0, 1, 3, 4]	[0, 1, 3, 4]	[0, 1, 3, 4]	
subject2_file_175	[3]	[3]	[0, 1, 3, 4, 9]	[3]	[0, 1, 3, 4, 9]	[3]	[3]	[3]	[3]	[3]	[3]	
subject2_file_123	[0, 6]	[0, 1, 4]	[0, 1, 3, 4]	[0, 1, 3, 4]	[0, 1, 3, 4]	[0, 1, 3, 4, 9]	[3]	[0, 1, 3, 4]	[0, 1, 3, 4]	[0, 1, 3, 4]	[0, 1, 3, 4]	
subject2_file_1	[4]	[0, 1, 4, 9]	[0, 1, 3, 4, 9]	[0, 1, 3, 4, 9]	[0, 1, 3, 4]	[0, 1, 3, 4, 9]	[0, 1, 4, 9]	[0, 1, 4]	[0, 1, 3, 4]	[0, 1, 3, 4]	[0, 1, 4, 9]	
subject1_file_884	[3]	[0, 1, 3, 4]	[0, 3, 4]	[3]	[3]	[3]	[3, 6]	[3]	[3]	[3]	[3]	
subject2_file_4	[1]	[0, 1, 4, 9]	[0, 1, 3, 4, 9]	[0, 1, 3, 4, 9]	[0, 1, 3, 4, 9]	[0, 1, 4, 9]	[0, 1, 4, 9]	[0, 1, 4, 9]	[0, 1, 4, 9]	[0, 1, 3, 4]	[0, 1, 4, 9]	
subject1_file_162	[3]	[3]	[0, 1, 3, 4]	[3]	[1, 3, 4]	[0, 3]	[3]	[3]	[3]	[3]	[3]	
subject1_file_976	[3]	[3]	[0, 1, 3, 4]	[0, 1, 3, 4]	[0, 1, 3, 4]	[3]	[3, 6]	[3]	[3]	[3]	[3]	
subject1_file_968	[4, 9]	[0, 1, 3, 4]	[0, 1, 3, 4]	[0, 1, 3, 4, 9]	[0, 1, 3, 4]	[0, 1, 3, 4, 9]	[0, 1, 4, 9]	[0, 1, 3, 4]	[0, 1, 3, 4]	[0, 1, 3, 4]	[0, 1, 4, 9]	
subject1_file_985	[0, 3, 6]	[0, 1, 3, 4]	[0, 1, 3, 4]	[0, 1, 3, 4]	[0, 1, 3, 4]	[0, 1, 3, 4]	[3]	[0, 1, 3, 4]	[0, 3]	[0, 1, 3, 4]	[0, 1, 3, 4]	
subject1_file_969	[3]	[0, 1, 3, 4]	[0, 1, 3, 4]	[0, 3, 4]	[0, 1, 3, 4]	[0, 1, 3, 4, 9]	[3]	[0, 1, 3, 4]	[0, 1, 3]	[0, 1, 3, 4]	[0, 1, 3, 4]	
subject1_file_957	[3]	[0, 1, 3, 4]	[0, 1, 3, 4]	[0, 3, 4]	[3, 4]	[3]	[3]	[3]	[3]	[3]	[3]	
subject1_file_786	[9]	[0, 1, 4, 9]	[0, 1, 3, 4, 9]	[0, 1, 3, 4, 9]	[0, 1, 3, 4, 9]	[0, 1, 4, 9]	[3]	[0, 1, 4, 9]	[4, 9]	[4, 9]	[4, 9]	
subject1_file_830	[4, 9]	[0, 1, 4, 9]	[0, 1, 3, 4]	[0, 1, 3, 4, 9]	[0, 1, 3, 4]	[0, 1, 3, 4, 9]	[0, 1, 4, 9]	[0, 1, 4, 9]	[0, 1, 3, 4]	[0, 1, 3, 4]	[0, 1, 3, 4]	
subject1_file_793	[9]	[0, 1, 4, 9]	[0, 1, 3, 4, 9]	[0, 1, 3, 4, 9]	[0, 1, 3, 4, 9]	[0, 1, 3, 4, 9]	[3]	[0, 1, 4, 9]	[3, 4, 9]	[4, 9]	[4, 9]	
subject1_file_849	[1]	[0, 1, 4, 9]	[0, 1, 3, 4]	[0, 1, 3, 4, 9]	[0, 1, 3, 4]	[0, 1, 3, 4, 9]	[0, 1, 4, 9]	[0, 1, 4, 9]	[0, 1, 3, 4]	[0, 1, 3, 4]	[0, 1, 3, 4]	
subject1_file_858	[0, 1, 2]	[0, 1, 4, 9]	[0, 1, 3, 4, 9]	[0, 1, 3, 4, 9]	[0, 1, 3, 4]	[0, 1, 3, 4, 9]	[3]	[0, 1, 3, 4]	[0, 1, 3, 4]	[0, 1, 3, 4]	[0, 1, 3, 4]	
subject1_file_958	[0, 9]	[0, 1, 4, 9]	[0, 1, 3, 4, 9]	[0, 1, 3, 4, 9]	[0, 1, 3, 4]	[0, 1, 4, 9]	[0, 1, 4, 9]	[0, 1, 4, 9]	[0, 1, 3, 4]	[0, 1, 3, 4]	[4, 9]	
subject1_file_964	[3]	[3, 4]	[0, 3, 4]	[3, 4]	[0, 3, 4]	[0, 3, 4, 9]	[3]	[3]	[0, 3]	[0, 1, 3, 4]	[3]	
subject1_file_743	[8, 9]	[0, 1, 4, 9]	[0, 1, 3, 4, 9]	[0, 1, 3, 4, 9]	[0, 1, 3, 4, 9]	[0, 1, 4, 9]	[3]	[0, 1, 4, 9]	[4, 9]	[4, 9]	[4, 9]	
subject1_file_780	[3, 6]	[0, 1, 4, 9]	[0, 1, 3, 4, 9]	[0, 1, 3, 4, 9]	[0, 1, 3, 4]	[0, 3]	[3]	[0, 1, 3, 4]	[0, 1, 3]	[0, 1, 3, 4]	[0, 1, 3, 4]	
subject1_file_759	[9]	[0, 1, 4, 9]	[0, 1, 3, 4, 9]	[0, 1, 3, 4, 9]	[0, 1, 3, 4, 9]	[0, 1, 4, 9]	[0, 1, 3, 4, 9]	[0, 1, 4, 9]	[4, 9]	[4, 9]	[4, 9]	
subject1_file_770	[2, 4, 5, 9]	[0, 1, 4, 9]	[0, 1, 3, 4]	[0, 1, 3, 4, 9]	[0, 1, 3, 4, 9]	[0, 1, 4, 9]	[0, 1, 4, 9]	[0, 1, 4, 9]	[4, 9]	[4, 9]	[4, 9]	
subject1_file_768	[0, 1, 4]	[0, 1, 4, 9]	[0, 1, 3, 4, 9]	[0, 1, 3, 4, 9]	[0, 1, 3, 4]	[0, 1, 4, 9]	[0, 1, 4, 9]	[0, 1, 3, 4]	[0, 1, 3, 4]	[0, 1, 3, 4]	[0, 1, 4, 9]	
subject1_file_734	[0, 2, 4, 5, 9]	[0, 1, 4, 9]	[0, 1, 3, 4, 9]	[0, 1, 3, 4, 9]	[0, 1, 3, 4]	[0, 3, 4]	[3]	[0, 1, 3, 4]	[0, 1, 3, 4]	[0, 1, 3, 4]	[0, 1, 3, 4]	
subject1_file_313	[0, 6]	[0, 1, 4]	[0, 1, 3, 4]	[0, 1, 3, 4, 9]	[0, 1, 3, 4]	[0, 1, 3, 4, 9]	[3]	[0, 1, 3, 4]	[0, 1, 3, 4]	[0, 1, 3, 4]	[0, 1, 3, 4]	
subject1_file_72	[0, 1, 3]	[0, 1, 3, 4]	[0, 1, 3, 4]	[0, 1, 3, 4]	[0, 1, 3, 4]	[0, 1, 3, 4, 9]	[3]	[0, 1, 3, 4]	[0, 1, 3, 4]	[0, 1, 3, 4]	[0, 1, 3, 4]	
subject1_file_243	[3]	[0, 1, 3, 4]	[0, 1, 3, 4]	[0, 1, 3, 4, 9]	[0, 1, 3, 4]	[0, 1, 3, 4, 9]	[3]	[0, 4, 9]	[3]	[0, 3, 4]	[0, 1, 4, 9]	
subject1_file_721	[1]	[0, 1, 4, 9]	[0, 1, 3, 4]	[0, 1, 3, 4, 9]	[0, 1, 3, 4]	[0, 1, 4, 9]	[0, 1, 4, 9]	[0, 1, 4, 9]	[0, 1, 3, 4]	[0, 1, 3, 4]	[0, 1, 4, 9]	
subject1_file_213	[0, 3, 6]	[0, 1, 3, 4]	[0, 1, 3, 4]	[0, 1, 3, 4]	[0, 1, 3, 4]	[0, 1, 3, 4]	[3]	[0, 1, 3, 4]	[0, 1, 3, 4]	[0, 1, 3, 4]	[0, 1, 3, 4]	
subject1_file_526	[2, 4, 5, 9]	[0, 1, 4, 9]	[0, 1, 3, 4]	[0, 1, 3, 4, 9]	[0, 1, 3, 4, 9]	[0, 1, 4, 9]	[3]	[0, 1, 4, 9]	[4, 9]	[4, 9]	[4, 9]	
subject1_file_685	[0, 9]	[0, 1, 4, 9]	[0, 1, 3, 4, 9]	[0, 1, 3, 4, 9]	[0, 1, 3, 4, 9]	[0, 1, 4, 9]	[0, 1, 4, 9]	[0, 1, 3, 4]	[0, 1, 3, 4]	[0, 1, 3, 4]	[0, 1, 4, 9]	
subject1_file_389	[4, 9]	[0, 1, 4, 9]	[0, 1, 3, 4, 9]	[0, 1, 3, 4, 9]	[0, 1, 3, 4]	[0, 1, 3, 4, 9]	[0, 1, 4, 9]	[0, 1, 3, 4]	[0, 1, 3, 4]	[0, 1, 3, 4]	[0, 1, 3, 4]	
subject1_file_45	[0, 1, 2, 3]	[0, 1, 4, 9]	[0, 1, 3, 4, 9]	[0, 1, 3, 4, 9]	[0, 1, 3, 4]	[0, 1, 3, 4, 9]	[3]	[0, 1, 3, 4]	[0, 1, 3, 4]	[0, 1, 3, 4]	[0, 1, 3, 4]	
subject1_file_320	[3]	[3]	[0, 1, 3, 4]	[3]	[3]	[3]	[3, 6]	[3]	[3]	[3]	[3]	
subject1_file_713	[1, 3]	[0, 1, 4]	[0, 1, 3, 4]	[0, 1, 3, 4]	[0, 1, 3, 4]	[0, 3, 4]	[3]	[0, 1, 3, 4]	[0, 1, 3, 4]	[0, 1, 3, 4]	[0, 1, 3, 4]	
subject1_file_499	[0, 9]	[0, 1, 4]	[0, 1, 3, 4]	[0, 1, 3, 4, 9]	[0, 1, 3, 4]	[0, 1, 4, 9]	[0, 1, 4, 9]	[0, 1, 3, 4]	[0, 1, 3, 4]	[0, 1, 3, 4]	[0, 1, 4, 9]	
subject1_file_287	[2, 4, 5, 9]	[0, 1, 4, 9]	[0, 1, 3, 4, 9]	[0, 1, 3, 4, 9]	[0, 1, 3, 4, 9]	[0, 1, 4, 9]	[0, 1, 4, 9]	[0, 1, 4, 9]	[1, 4, 9]	[0, 1, 4, 9]	[4, 9]	
subject1_file_462	[0, 1, 2]	[0, 1, 3, 4]	[0, 1, 3, 4]	[0, 1, 3, 4, 9]	[0, 1, 3, 4]	[0, 1, 3, 4, 9]	[3]	[0, 1, 3, 4]	[0, 1, 3, 4]	[0, 1, 3, 4]	[0, 1, 3, 4]	
subject1_file_684	[4, 9]	[0, 1, 4, 9]	[0, 1, 3, 4, 9]	[0, 1, 3, 4, 9]	[0, 1, 3, 4, 9]	[0, 1, 4, 9]	[0, 1, 4, 9]	[0, 1, 4]	[0, 1, 3, 4]	[0, 1, 3, 4]	[0, 1, 4, 9]	
subject1_file_254	[1, 3, 4]	[3]	[0, 3, 4]	[3]	[0, 3, 4]	[3]	[3, 4, 9]	[3]	[3, 4, 9]	[3]	[3]	
subject1_file_281	[1, 3]	[0, 1, 4, 9]	[0, 1, 3, 4, 9]	[0, 1, 3, 4, 9]	[0, 1, 3, 4]	[0, 1, 3, 4, 9]	[3]	[0, 1, 3, 4]	[0, 1, 3, 4]	[0, 1, 3, 4]	[0, 1, 3, 4]	
subject1_file_37	[3]	[0, 1, 3, 4]	[0, 1, 3, 4]	[0, 3, 4, 9]	[0, 1, 3, 4]	[0, 1, 3, 4, 9]	[3]	[0, 1, 4, 9]	[4, 9]	[0, 1, 3, 4]	[0, 4, 9]	
subject1_file_319	[3, 6]	[3]	[0, 1, 3, 4]	[3]	[0, 3, 4]	[3]	[3]	[3]	[3]	[3]	[3]	
subject1_file_385	[3]	[0, 1, 3, 4]	[0, 1, 3, 4]	[0, 1, 3, 4]	[0, 1, 3, 4]	[0, 3, 4]	[3]	[3]	[3]	[3, 4]	[3]	
subject1_file_430	[0, 1, 2, 3]	[0, 1, 3, 4]	[0, 1, 3, 4]	[0, 3, 4]	[0, 3, 4]	[0, 1, 3, 4, 9]	[3]	[0, 1, 3, 4]	[0, 1, 3, 4]	[0, 1, 3, 4]	[0, 1, 3, 4]	
subject1_file_513	[1, 3]	[0, 1, 4, 9]	[0, 1, 3, 4, 9]	[0, 1, 3, 4, 9]	[0, 1, 3, 4]	[0, 1, 3, 4, 9]	[3]	[0, 1, 3, 4]	[0, 1, 3, 4]	[0, 1, 3, 4]	[0, 1, 3, 4]	
subject1_file_272	[4, 9]	[0, 3, 4]	[0, 1, 3, 4, 9]	[0, 1, 3, 4]	[0, 1, 3, 4]	[0, 1, 3, 4, 9]	[0, 1, 3, 4, 9]	[0, 1, 4, 9]	[0, 1, 3, 4]	[0, 1, 3, 4]	[0, 1, 3, 4]	
subject1_file_382	[9]	[0, 1, 4, 9]	[0, 1, 3, 4, 9]	[0, 1, 3, 4, 9]	[0, 1, 3, 4, 9]	[0, 1, 4, 9]	[3]	[0, 1, 4, 9]	[4, 9]	[4, 9]	[4, 9]	
subject2_file_838	[0, 2, 4, 5, 9]	[0, 1, 4, 9]	[0, 1, 3, 4, 9]	[0, 1, 3, 4, 9]	[0, 1, 3, 4, 9]	[0, 1, 4, 9]	[0, 1, 4, 9]	[0, 1, 4, 9]	[4, 9]	[4, 9]	[4, 9]	
subject3_file_571	[1, 3]	[0, 1, 3, 4]	[0, 1, 3, 4]	[0, 1, 3, 4]	[0, 1, 3, 4]	[0, 1, 3, 4, 9]	[3]	[0, 1, 3, 4]	[0, 1, 3, 4]	[0, 1, 3, 4]	[0, 1, 3, 4]	
subject3_file_580	[0, 1]	[0, 1, 4, 9]	[0, 1, 3, 4, 9]	[0, 1, 3, 4, 9]	[0, 1, 3, 4, 9]	[0, 1, 3, 4, 9]	[0, 1, 3, 4]	[0, 1, 3, 4]	[0, 1, 3, 4]	[0, 1, 3, 4]	[0, 1, 3, 4]	
subject3_file_607	[1, 3]	[0, 1, 4, 9]	[0, 1, 3, 4]	[0, 1, 3, 4, 9]	[0, 1, 3, 4]	[0, 1, 3, 4, 9]	[3]	[0, 1, 3, 4]	[0, 1, 3, 4]	[0, 1, 3, 4]	[0, 1, 3, 4]	
subject1_file_348	[3]	[0, 1, 4, 9]	[0, 1, 3, 4]	[0, 1, 3, 4, 9]	[0, 1, 3, 4, 9]	[0, 1, 4, 9]	[3]	[3]	[3]	[3, 4, 9]	[3]	
subject1_file_247	[4, 9]	[0, 1, 4, 9]	[0, 1, 3, 4, 9]	[0, 1, 3, 4, 9]	[0, 1, 3, 4, 9]	[0, 1, 4, 9]	[0, 1, 4, 9]	[0, 1, 4, 9]	[4, 9]	[4, 9]	[4, 9]	
subject1_file_302	[0, 1, 2, 3]	[0, 1, 3, 4]	[0, 1, 3, 4]	[0, 1, 3, 4]	[0, 1, 3, 4]	[0, 1, 3, 4]	[0, 1, 3, 4]	[0, 1, 3, 4]	[0, 1, 3, 4]	[0, 1, 3, 4]	[0, 1, 3, 4]	
subject1_file_564	[1, 3, 4]	[0, 1, 3, 4]	[0, 1, 3, 4]	[0, 1, 3, 4]	[0, 1, 3, 4]	[0, 1, 3, 4]	[0, 1, 3, 4]	[3]	[0, 1, 3]	[3]	[0, 1, 3]	
subject1_file_496	[0, 1, 4]	[0, 1, 4, 9]	[0, 1, 3, 4, 9]	[0, 1, 3, 4, 9]	[0, 1, 3, 4, 9]	[0, 1, 4, 9]	[0, 1, 4, 9]	[0, 1, 3, 4]	[0, 1, 3, 4]	[0, 1, 3, 4]	[0, 1, 4, 9]	
subject1_file_588	[3]	[3]	[0, 1, 3, 4]	[3]	[0, 3, 4]	[3, 6]	[3, 6]	[3]	[3]	[3]	[3]	
subject1_file_310	[4, 9]	[3]	[0, 3, 4]	[3]	[3, 4]	[3]	[3]	[3]	[3, 4]	[3]	[3]	
subject1_file_485	[0, 1, 4]	[0, 1, 4, 9]	[0, 1, 3, 4]	[0, 1, 3, 4]	[0, 1, 3, 4]	[0, 1, 3, 4]	[0, 1, 3, 4]	[0, 1, 3, 4]	[0, 1, 3, 4]	[0, 1, 3, 4]	[0, 1, 3, 4]	
subject1_file_618	[3]	[0, 1, 4, 9]	[0, 1, 3, 4, 9]	[0, 1, 3, 4, 9]	[0, 1, 3, 4]	[0, 1, 3, 4, 9]	[3]	[0, 1, 4]	[0, 1, 3, 4]	[0, 1, 3, 4]	[0, 1, 3, 4]	
subject1_file_238	[3]	[0, 1, 3, 4]	[0, 1, 3, 4]	[0, 1, 3, 4]	[0, 1, 3, 4]	[0, 1, 3, 4]	[3]	[0, 1, 3, 4]	[0, 1, 3, 4]	[0, 1, 3, 4]	[0, 1, 3, 4]	
subject1_file_622	[3]	[0, 3, 4]	[0, 1, 3, 4]	[3]	[0, 1, 3, 4]	[0, 1, 3, 4, 9]	[3]	[3]	[3, 4, 9]	[0, 3]	[3]	
subject1_file_211	[3]	[3]	[0, 1, 3, 4]	[3]	[0, 1, 3, 4]	[0, 3, 4]	[3]	[3]	[3]	[3]	[3]	
subject1_file_424	[4, 9]	[0, 1, 4, 9]	[0, 1, 3, 4, 9]	[0, 1, 3, 4, 9]	[0, 1, 3, 4, 9]	[0, 1, 4, 9]	[3]	[0, 1, 4, 9]	[0, 1, 4, 9]	[0, 1, 4, 9]	[4, 9]	
subject1_file_39	[1, 3]	[3, 4]	[0, 1, 3, 4]	[0, 3, 4]	[0, 1, 3, 4]	[0, 1, 3, 4, 9]	[3]	[0, 1, 3, 4]	[0, 1, 3, 4]	[0, 1, 3, 4]	[0, 1, 3, 4]	
subject1_file_263	[0, 3, 6]	[3, 4]	[0, 1, 3, 4]	[3]	[0, 3, 4]	[3, 4]	[3]	[3]	[3]	[0, 3]	[3]	
subject1_file_309	[3]	[3]	[3, 4]	[3]	[3]	[3]	[3]	[3]	[3]	[3]	[3]	
subject1_file_353	[2, 4, 5, 9]	[0, 1, 4, 9]	[0, 1, 3, 4]	[0, 1, 3, 4, 9]	[0, 1, 3, 4, 9]	[0, 1, 4, 9]	[0, 1, 4, 9]	[0, 1, 4, 9]	[0, 1, 3, 4]	[0, 1, 3, 4]	[4, 9]	
subject1_file_463	[0, 9]	[0, 1, 3, 4]	[0, 1, 3, 4]	[0, 1, 3, 4, 9]	[0, 1, 3, 4]	[0, 1, 3, 4, 9]	[3]	[0, 1, 3, 4]	[0, 1, 3, 4]	[0, 1, 3, 4]	[0, 1, 4, 9]	
subject1_file_536	[3, 7, 8]	[0, 1, 4, 9]	[0, 1, 3, 4, 9]	[0, 1, 3, 4, 9]	[0, 1, 3, 4]	[0, 1, 4, 9]	[3]	[0, 1, 3, 4]	[0, 1, 3, 4]	[0, 1, 3, 4]	[0, 1, 4]	
subject1_file_570	[2, 4, 5, 9]	[0, 1, 4, 9]	[0, 1, 3, 4, 9]	[0, 1, 3, 4, 9]	[0, 1, 3, 4, 9]	[0, 1, 4, 9]	[3]	[0, 1, 4, 9]	[4, 9]	[4, 9]	[4, 9]	
subject2_file_803	[0, 6]	[0, 1, 3, 4]	[0, 1, 3, 4]	[0, 1, 3, 4, 9]	[0, 1, 3, 4, 9]	[0, 1, 3, 4, 9]	[3]	[0, 3]	[0, 1, 3, 4]	[0, 1, 3, 4]	[0, 4, 9]	
subject2_file_775	[3]	[3]	[0, 1, 3, 4]	[3]	[0, 1, 3, 4]	[3, 6]	[3, 6]	[3]	[3]	[3]	[3]	
subject2_file_743	[3]	[3, 4]	[0, 1, 3, 4, 9]	[3]	[0, 1, 3, 4, 9]	[3]	[3]	[3]	[3]	[3]	[3]	
subject2_file_763	[0, 1, 3]	[0, 1, 4]	[0, 1, 3, 4]	[0, 1, 3, 4, 9]	[0, 1, 3, 4]	[0, 1, 3, 4, 9]	[3]	[0, 1, 3, 4]	[0, 1, 3, 4]	[0, 1, 3, 4]	[0, 1, 3, 4]	
subject2_file_495	[0, 3, 4, 7, 8]	[0, 1, 4, 9]	[0, 1, 3, 4, 9]	[0, 1, 3, 4, 9]	[0, 1, 3, 4, 9]	[0, 1, 4, 9]	[3]	[0, 1, 3, 4]	[0, 1, 3, 4]	[0, 1, 3, 4]	[0, 1, 3, 4]	
subject2_file_821	[0, 9]	[0, 1, 4, 9]	[0, 1, 3, 4, 9]	[0, 1, 3, 4, 9]	[0, 1, 3, 4]	[0, 1, 4, 9]	[0, 1, 4, 9]	[0, 1, 4, 9]	[0, 1, 3, 4]	[0, 1, 3, 4]	[0, 1, 3, 4]	
subject2_file_473	[9]	[0, 1, 4]	[0, 1, 3, 4, 9]	[0, 3, 4, 9]	[0, 1, 3, 4, 9]	[0, 1, 3, 4, 9]	[0, 1, 4, 9]	[4, 9]	[4, 9]	[4, 9]	[4, 9]	
subject2_file_770	[1, 3]	[0, 1, 4]	[0, 1, 3, 4]	[0, 1, 3, 4, 9]	[0, 1, 3, 4]	[0, 1, 3, 4, 9]	[3]	[0, 1, 3, 4]	[0, 1, 3, 4]	[0, 1, 3, 4]	[0, 1, 3, 4]	
subject2_file_749	[3, 7, 8, 9]	[0, 1, 4, 9]	[0, 1, 3, 4, 9]	[0, 1, 3, 4, 9]	[0, 1, 3, 4, 9]	[0, 1, 3, 4, 9]	[0, 1, 4, 9]	[0, 1, 4, 9]	[0, 1, 3, 4]	[0, 1, 3, 4, 9]	[4, 9]	
subject2_file_681	[0, 1, 4]	[0, 1, 3, 4, 9]	[0, 1, 3, 4, 9]	[0, 1, 3, 4, 9]	[0, 1, 3, 4]	[0, 1, 3, 4, 9]	[0, 1, 3, 4, 9]	[0, 1, 3, 4]	[0, 1, 3, 4]	[0, 1, 3, 4]	[0, 1, 3, 4]	
subject2_file_646	[3]	[3]	[3]	[3]	[3]	[3]	[3]	[3]	[3]	[3]	[3]	
subject2_file_624	[0, 2, 4, 5, 9]	[0, 1, 4, 9]	[0, 1, 3, 4]	[0, 1, 3, 4, 9]	[0, 1, 3, 4, 9]	[0, 1, 4, 9]	[0, 1, 4, 9]	[0, 1, 4, 9]	[4, 9]	[4, 9]	[4, 9]	
subject2_file_709	[1]	[0, 1, 4, 9]	[0, 1, 3, 4, 9]	[0, 1, 3, 4, 9]	[0, 1, 3, 4]	[0, 1, 4, 9]	[0, 1, 4, 9]	[0, 1, 3, 4]	[0, 1, 3, 4]	[0, 1, 3, 4]	[0, 1, 4, 9]	
subject2_file_731	[1]	[0, 1, 3, 4]	[0, 1, 3, 4]	[0, 3, 4]	[0, 3, 4]	[0, 1, 3, 4, 9]	[0, 1, 3, 4, 9]	[0, 1, 3, 4]	[0, 1, 3, 4]	[0, 1, 3, 4]	[0, 1, 3, 4]	
subject2_file_723	[0, 4, 9]	[0, 1, 4, 9]	[0, 1, 3, 4, 9]	[0, 1, 3, 4, 9]	[0, 1, 3, 4, 9]	[0, 1, 3, 4, 9]	[0, 1, 4, 9]	[0, 1, 3, 4]	[0, 1, 3, 4]	[0, 1, 3, 4]	[0, 1, 4, 9]	
subject2_file_522	[3]	[0, 1, 4, 9]	[0, 1, 3, 4, 9]	[0, 1, 3, 4, 9]	[0, 1, 3, 4, 9]	[0, 3, 4]	[3]	[3]	[3]	[3, 4]	[3, 4]	
subject2_file_674	[4, 9]	[0, 1, 4, 9]	[0, 1, 3, 4, 9]	[0, 1, 3, 4, 9]	[0, 1, 3, 4, 9]	[0, 1, 4, 9]	[3]	[1, 4, 9]	[4, 9]	[4, 9]	[4, 9]	
subject2_file_425	[4, 9]	[0, 1, 3, 4]	[0, 1, 3, 4, 9]	[0, 3, 4, 9]	[0, 1, 3, 4, 9]	[0, 3, 4, 9]	[0, 1, 3, 4, 9]	[3]	[4, 9]	[3, 4, 9]	[4, 9]	
subject2_file_549	[0, 1, 3, 4]	[3, 4]	[0, 1, 3, 4, 9]	[3]	[0, 1, 3, 4]	[3, 6]	[0, 1, 3, 4]	[3]	[3]	[3]	[3]	
subject2_file_453	[4, 9]	[0, 1, 4, 9]	[0, 1, 3, 4, 9]	[0, 1, 3, 4, 9]	[0, 1, 3, 4, 9]	[0, 1, 4, 9]	[0, 1, 4, 9]	[0, 1, 4, 9]	[4, 9]	[4, 9]	[4, 9]	
subject2_file_831	[0, 4, 9]	[0, 1, 4, 9]	[0, 1, 3, 4, 9]	[0, 1, 3, 4, 9]	[0, 1, 3, 4, 9]	[0, 1, 4, 9]	[0, 1, 4, 9]	[0, 1, 3, 4]	[0, 1, 3, 4]	[0, 1, 3, 4]	[0, 1, 4]	
subject2_file_792	[3, 6]	[3]	[0, 1, 3, 4]	[3]	[1, 3]	[3]	[3, 6]	[3]	[3]	[3]	[3]	
subject2_file_485	[3, 6]	[3]	[0, 1, 3, 4]	[3]	[0, 1, 3, 4]	[0, 3]	[3, 6]	[3]	[3]	[3]	[3]	
subject2_file_650	[0, 1, 4]	[0, 1, 4, 9]	[0, 1, 3, 4]	[0, 1, 3, 4, 9]	[0, 1, 3, 4, 9]	[0, 1, 3, 4, 9]	[0, 1, 4, 9]	[0, 1, 4]	[0, 1, 3, 4]	[0, 1, 3, 4]	[0, 1, 4, 9]	
subject2_file_592	[0, 1, 4]	[0, 1, 3, 4]	[0, 1, 3, 4, 9]	[0, 3, 4, 9]	[0, 3, 4]	[0, 1, 3, 4, 9]	[0, 3, 4, 9]	[3]	[0, 1, 3, 4]	[0, 1, 3, 4]	[0, 1, 3, 4]	
subject2_file_52	[3, 6]	[3]	[0, 3, 4]	[3, 4]	[0, 3, 4]	[3]	[3]	[3]	[3]	[0, 1, 3, 4]	[3]	
subject2_file_642	[3]	[3, 4]	[0, 1, 3, 4]	[0, 3, 4]	[0, 1, 3, 4]	[3]	[3]	[3]	[3]	[3]	[0, 1, 3, 4]	
subject2_file_565	[4]	[0, 1, 4, 9]	[0, 1, 3, 4, 9]	[0, 1, 3, 4, 9]	[0, 1, 3, 4]	[0, 1, 3, 4, 9]	[0, 1, 4, 9]	[0, 1, 3, 4]	[0, 1, 3, 4]	[0, 1, 3, 4]	[0, 1, 3, 4]	
subject2_file_588	[3]	[3]	[0, 1, 3, 4]	[3, 4]	[3, 4]	[3, 4]	[3]	[0, 3, 4]	[3]	[0, 1, 3, 4]	[0, 1, 3, 4]	
subject2_file_724	[0, 1, 4]	[0, 1, 3, 4]	[0, 1, 3, 4]	[0, 1, 3, 4]	[0, 1, 3, 4]	[0, 1, 3, 4]	[0, 1, 3, 4]	[0, 1, 3, 4]	[0, 1, 3, 4]	[0, 1, 3, 4]	[0, 1, 3, 4]	
subject2_file_832	[0, 3, 4, 7]	[0, 1, 3, 4]	[0, 1, 3, 4]	[0, 1, 3, 4, 9]	[0, 1, 3, 4]	[0, 1, 3, 4, 9]	[3]	[0, 1, 4, 9]	[0, 1, 3, 4]	[0, 1, 3, 4]	[0, 1, 4, 9]	
subject3_file_111	[1]	[0, 1, 4, 9]	[0, 1, 3, 4, 9]	[0, 1, 3, 4, 9]	[0, 1, 3, 4, 9]	[0, 1, 4, 9]	[0, 1, 4, 9]	[0, 1, 3, 4]	[0, 1, 3, 4]	[0, 1, 3, 4]	[0, 1, 4, 9]	
subject2_file_635	[3, 6]	[3]	[3]	[3]	[3]	[3, 6]	[3]	[3]	[3]	[3]	[3]	
subject2_file_616	[4, 9]	[0, 1, 4, 9]	[0, 1, 3, 4, 9]	[0, 1, 3, 4, 9]	[0, 1, 3, 4, 9]	[0, 1, 4, 9]	[3]	[0, 1, 4, 9]	[4, 9]	[4, 9]	[4, 9]	
subject2_file_581	[4]	[0, 1, 4, 9]	[0, 1, 3, 4]	[0, 1, 3, 4, 9]	[0, 1, 3, 4]	[0, 1, 3, 4, 9]	[0, 1, 3, 4, 9]	[0, 1, 3, 4]	[0, 1, 3, 4]	[0, 1, 3, 4]	[0, 1, 3, 4]	
subject2_file_586	[4]	[0, 1, 4, 9]	[0, 1, 3, 4, 9]	[0, 1, 3, 4, 9]	[0, 1, 3, 4]	[0, 1, 4, 9]	[0, 1, 4, 9]	[0, 1, 3, 4]	[0, 1, 3, 4]	[0, 1, 3, 4]	[0, 1, 3, 4]	
subject2_file_540	[3]	[3]	[3]	[3]	[3]	[3]	[3]	[3]	[3]	[3]	[3]	
subject2_file_721	[1, 3]	[0, 1, 4, 9]	[0, 1, 3, 4, 9]	[0, 1, 3, 4, 9]	[0, 1, 3, 4, 9]	[0, 1, 4, 9]	[3]	[0, 1, 3, 4]	[0, 1, 3, 4]	[0, 1, 3, 4]	[4, 9]	
subject2_file_679	[3, 6]	[0, 1, 4, 9]	[0, 1, 3, 4, 9]	[0, 1, 3, 4, 9]	[0, 1, 3, 4, 9]	[0, 1, 3, 4, 9]	[3]	[0, 1, 3, 4]	[0, 3]	[0, 1, 3, 4]	[0, 1, 3, 4]	
subject2_file_746	[1, 4]	[0, 1, 3, 4]	[0, 1, 3, 4]	[0, 1, 3, 4]	[0, 1, 3, 4]	[0, 1, 3, 4, 9]	[3]	[0, 1, 3, 4]	[0, 1, 3, 4]	[0, 1, 3, 4]	[0, 1, 3, 4]	
subject2_file_658	[1]	[0, 1, 4, 9]	[0, 1, 3, 4, 9]	[0, 1, 3, 4, 9]	[0, 1, 3, 4]	[0, 1, 3, 4, 9]	[0, 1, 4, 9]	[0, 1, 3, 4]	[0, 1, 3, 4]	[0, 1, 3, 4]	[0, 1, 3, 4]	
subject2_file_74	[0, 1, 4]	[0, 1, 4, 9]	[0, 1, 3, 4, 9]	[0, 1, 3, 4, 9]	[0, 1, 3, 4]	[0, 1, 3, 4, 9]	[3]	[0, 1, 3, 4]	[0, 1, 3, 4]	[0, 1, 3, 4]	[0, 1, 3, 4]	
subject2_file_436	[0, 1]	[0, 1, 4, 9]	[0, 1, 3, 4]	[0, 1, 3, 4, 9]	[0, 1, 3, 4, 9]	[0, 1, 4, 9]	[0, 1, 4, 9]	[0, 1, 4, 9]	[0, 1, 3, 4]	[0, 1, 3, 4]	[0, 1, 4, 9]	
subject2_file_457	[3]	[3, 4]	[0, 1, 3, 4]	[3]	[0, 1, 3, 4]	[3, 6]	[3, 6]	[3]	[3]	[3, 4]	[3]	
subject2_file_526	[1]	[0, 1, 4, 9]	[0, 1, 3, 4, 9]	[0, 1, 3, 4, 9]	[0, 1, 3, 4]	[0, 1, 4, 9]	[0, 1, 4, 9]	[0, 1, 4, 9]	[0, 1, 3, 4]	[0, 1, 3, 4]	[0, 1, 4, 9]	
subject2_file_541	[0, 1, 3, 4, 7, 8]	[0, 1, 3, 4]	[0, 1, 3, 4]	[0, 1, 3, 4]	[0, 1, 3, 4]	[0, 1, 3, 4, 9]	[3]	[0, 1, 3, 4]	[0, 1, 3, 4]	[0, 1, 3, 4]	[0, 1, 3, 4]	
subject2_file_452	[3]	[0, 3, 4]	[0, 1, 3, 4]	[0, 3, 4]	[0, 1, 3, 4]	[0, 3, 4]	[3]	[3]	[3]	[3]	[3]	
subject2_file_517	[1, 3]	[0, 1, 4, 9]	[0, 1, 3, 4]	[0, 1, 3, 4, 9]	[0, 1, 3, 4]	[0, 1, 4, 9]	[3]	[0, 1, 4, 9]	[0, 1, 3, 4]	[0, 1, 3, 4]	[0, 1, 4, 9]	
subject2_file_641	[4, 9]	[0, 1, 4, 9]	[0, 1, 3, 4, 9]	[0, 1, 3, 4, 9]	[0, 1, 3, 4]	[0, 1, 4, 9]	[0, 1, 4, 9]	[0, 1, 4, 9]	[0, 1, 3, 4]	[0, 1, 3, 4]	[0, 1, 4, 9]	
subject2_file_49	[3]	[3, 4]	[0, 3, 4, 9]	[3]	[0, 3, 4]	[3]	[3]	[3]	[3]	[3]	[3]	
subject2_file_500	[0, 1]	[0, 1, 4, 9]	[0, 1, 3, 4, 9]	[0, 1, 3, 4, 9]	[0, 1, 3, 4]	[0, 1, 3, 4, 9]	[0, 1, 3, 4, 9]	[0, 1, 3, 4]	[0, 1, 3, 4]	[0, 1, 3, 4]	[0, 1, 3, 4]	
subject1_file_417	[3]	[0, 1, 4, 9]	[0, 1, 3, 4, 9]	[0, 1, 3, 4]	[0, 1, 3, 4]	[0, 3]	[3]	[3]	[3]	[3]	[3]	
subject2_file_942	[0, 1]	[0, 1, 4, 9]	[0, 1, 3, 4, 9]	[0, 1, 3, 4, 9]	[0, 1, 3, 4]	[0, 1, 4, 9]	[0, 1, 4, 9]	[0, 1, 4, 9]	[0, 1, 3, 4]	[0, 1, 3, 4]	[4, 9]	
subject2_file_926	[0, 2, 4, 5, 9]	[3]	[0, 1, 3, 4]	[3]	[0, 1, 3, 4]	[3]	[0, 3, 4, 9]	[3]	[3]	[3, 4]	[3]	
subject2_file_923	[3]	[3, 4]	[0, 1, 3, 4]	[3]	[0, 1, 3, 4]	[3]	[3]	[3]	[3]	[3]	[3]	
subject2_file_464	[0, 1, 4]	[0, 1, 4]	[0, 1, 3, 4]	[0, 1, 3, 4, 9]	[0, 1, 3, 4]	[0, 1, 4, 9]	[0, 1, 4, 9]	[0, 1, 4, 9]	[0, 1, 4, 9]	[0, 1, 3, 4]	[4, 9]	
subject3_file_749	[3]	[3]	[3]	[3]	[3]	[3]	[3, 6]	[3]	[3]	[3]	[0, 1, 3]	
subject3_file_231	[4, 9]	[3]	[0, 1, 3, 4]	[3]	[0, 1, 3, 4]	[0, 1, 3]	[3, 6]	[3]	[3]	[3]	[3]	
subject3_file_14	[0, 6]	[0, 1, 3, 4]	[0, 1, 3, 4]	[0, 1, 3, 4, 9]	[0, 1, 3, 4]	[0, 3, 4]	[3]	[0, 1, 3, 4]	[0, 3]	[0, 1, 3, 4]	[0, 1, 3, 4]	
subject3_file_260	[7, 8, 9]	[0, 1, 4, 9]	[0, 1, 3, 4, 9]	[0, 1, 3, 4, 9]	[0, 1, 3, 4, 9]	[0, 1, 3, 4, 9]	[3]	[0, 1, 4, 9]	[4, 9]	[4, 9]	[4, 9]	
subject3_file_377	[1, 3]	[0, 1, 4, 9]	[0, 1, 3, 4, 9]	[0, 1, 3, 4, 9]	[0, 1, 3, 4, 9]	[0, 1, 4, 9]	[3]	[0, 1, 3, 4]	[3]	[0, 1, 3, 4]	[0, 1, 3, 4]	
subject3_file_36	[4]	[0, 1, 4, 9]	[0, 1, 3, 4, 9]	[0, 1, 3, 4, 9]	[0, 1, 3, 4, 9]	[0, 1, 4, 9]	[3]	[0, 1, 4, 9]	[0, 1, 3, 4]	[0, 1, 3, 4]	[0, 4, 9]	
subject3_file_146	[4]	[0, 1, 4, 9]	[0, 1, 3, 4, 9]	[0, 1, 3, 4, 9]	[0, 1, 3, 4, 9]	[0, 1, 4, 9]	[3]	[3]	[3]	[3, 4, 9]	[3, 4, 9]	
subject3_file_345	[0, 1, 4]	[0, 1, 3, 4]	[0, 1, 3, 4]	[0, 3, 4]	[3, 4]	[3]	[0, 1, 3, 4]	[0, 1, 3, 4]	[0, 1, 3, 4]	[0, 1, 3, 4]	[0, 1, 3, 4]	
subject3_file_335	[0, 4, 9]	[0, 1, 4, 9]	[0, 1, 3, 4, 9]	[0, 1, 3, 4, 9]	[0, 1, 3, 4, 9]	[0, 1, 4, 9]	[3]	[0, 1, 4, 9]	[0, 1, 3, 4]	[0, 1, 3, 4]	[0, 1, 4, 9]	
subject3_file_352	[0, 6]	[0, 1, 3, 4]	[0, 1, 3, 4]	[0, 1, 3, 4, 9]	[0, 1, 3, 4]	[0, 1, 3, 4, 9]	[3]	[0, 1, 3, 4]	[0, 1, 3, 4]	[0, 1, 3, 4]	[0, 1, 3, 4]	
subject3_file_382	[3]	[3]	[0, 3, 4]	[3]	[0, 3, 4]	[3]	[3]	[3]	[3]	[3]	[3]	
subject3_file_43	[1]	[0, 1, 4, 9]	[0, 1, 3, 4, 9]	[0, 1, 3, 4, 9]	[0, 1, 3, 4, 9]	[0, 1, 4, 9]	[0, 1, 4, 9]	[0, 1, 4]	[0, 1, 3, 4]	[0, 1, 3, 4]	[0, 1, 4, 9]	
subject2_file_980	[7, 8, 9]	[0, 1, 4, 9]	[0, 1, 3, 4]	[0, 1, 3, 4, 9]	[0, 1, 3, 4, 9]	[0, 1, 4, 9]	[3]	[0, 1, 4, 9]	[4, 9]	[4, 9]	[4, 9]	
subject3_file_261	[0, 1, 4]	[0, 1, 3, 4]	[0, 1, 3, 4]	[0, 3, 4]	[0, 1, 3, 4]	[0, 1, 3, 4, 9]	[0, 1, 3, 4, 9]	[0, 1, 3, 4]	[0, 1, 3, 4]	[0, 1, 3, 4]	[3, 4, 9]	
subject3_file_135	[0, 1, 2, 4, 5]	[3]	[3]	[3]	[3]	[3]	[3]	[3]	[3, 4]	[0, 1, 3, 4]	[0, 3, 4]	
subject3_file_411	[3, 7, 8, 9]	[0, 1, 3, 4]	[0, 1, 3, 4]	[0, 1, 3, 4]	[0, 1, 3, 4]	[0, 1, 3, 4]	[3, 6]	[0, 1, 3, 4]	[3]	[0, 1, 3, 4, 7]	[3, 4, 7, 9]	
subject3_file_462	[1, 3]	[0, 1, 4]	[0, 1, 3, 4]	[0, 3, 4]	[0, 1, 3, 4]	[0, 1, 3, 4, 9]	[3]	[0, 1, 3, 4]	[0, 1, 3, 4]	[0, 1, 3, 4]	[0, 1, 4]	
subject3_file_415	[4, 9]	[0, 1, 4, 9]	[0, 1, 3, 4, 9]	[0, 1, 3, 4, 9]	[0, 1, 3, 4, 9]	[0, 1, 4, 9]	[3]	[0, 1, 4, 9]	[4, 9]	[4, 9]	[4, 9]	
subject3_file_391	[4, 5, 9]	[0, 1, 4, 9]	[0, 1, 3, 4, 9]	[0, 1, 3, 4, 9]	[0, 1, 3, 4]	[0, 1, 3, 4, 9]	[3, 4]	[0, 1, 3, 4]	[0, 1, 3, 4, 9]	[0, 1, 3, 4, 9]	[0, 1, 3, 4]	
subject2_file_96	[0, 1, 4]	[0, 1, 4, 9]	[0, 1, 3, 4]	[0, 1, 3, 4, 9]	[0, 1, 3, 4]	[0, 1, 3, 4, 9]	[0, 1, 3, 4, 9]	[0, 1, 4, 9]	[0, 1, 3, 4]	[0, 1, 3, 4]	[0, 1, 3, 4]	
subject3_file_315	[3, 9]	[0, 1, 4, 9]	[0, 1, 3, 4, 9]	[0, 1, 3, 4]	[0, 1, 3, 4]	[0, 3]	[3, 6]	[3]	[3]	[3]	[3]	
subject3_file_251	[8, 9]	[3, 4]	[0, 1, 3, 4]	[3, 4]	[3, 4]	[0, 3, 4]	[3]	[0, 1, 3, 4]	[0, 1, 3, 4]	[0, 1, 3, 4]	[0, 1, 3, 4]	
subject3_file_435	[7, 8, 9]	[3]	[3, 4]	[3]	[3]	[3, 4]	[3]	[3]	[4, 9]	[4, 9]	[4, 9]	
subject3_file_507	[0, 1, 3, 4]	[3]	[0, 3, 4]	[3]	[3]	[3]	[3]	[3]	[3]	[3]	[3]	
subject3_file_511	[3]	[3]	[0, 3, 4]	[3]	[3, 4]	[3]	[3]	[3]	[3]	[3]	[3]	
subject3_file_389	[3, 6]	[0, 1, 4, 9]	[0, 1, 3, 4]	[0, 1, 3, 4, 9]	[0, 1, 3, 4]	[0, 3, 4]	[3]	[3]	[0, 3]	[0, 1, 3, 4]	[0, 1, 3, 4]	
subject3_file_34	[3]	[3]	[3]	[3]	[3]	[3]	[3]	[3]	[3]	[3]	[3]	
subject3_file_526	[1, 3]	[0, 1, 4, 9]	[0, 1, 3, 4, 9]	[0, 1, 3, 4, 9]	[0, 1, 3, 4, 9]	[0, 1, 4, 9]	[3]	[0, 1, 3, 4]	[0, 1, 3, 4]	[0, 1, 3, 4]	[0, 1, 4, 9]	
subject3_file_355	[0, 1, 2, 4]	[0, 1, 3, 4]	[0, 1, 3, 4]	[0, 1, 3, 4, 9]	[0, 1, 3, 4]	[0, 1, 3, 4, 9]	[3]	[0, 1, 4, 9]	[0, 1, 4, 9]	[0, 1, 3, 4]	[4, 9]	
subject3_file_554	[3]	[3]	[0, 1, 3, 4, 9]	[3]	[0, 1, 3, 4, 9]	[0, 3, 4]	[3]	[3]	[3]	[3]	[3]	
subject3_file_56	[1, 3]	[0, 1, 4, 9]	[0, 1, 3, 4, 9]	[0, 1, 3, 4, 9]	[0, 1, 3, 4]	[0, 1, 3, 4, 9]	[3]	[0, 1, 3, 4]	[0, 1, 3, 4]	[0, 1, 3, 4]	[0, 1, 3, 4]	
subject3_file_540	[0, 1, 4]	[0, 1, 4, 9]	[0, 1, 3, 4]	[0, 1, 3, 4, 9]	[0, 1, 3, 4]	[0, 1, 3, 4, 9]	[3]	[0, 1, 3, 4]	[0, 1, 3, 4]	[0, 1, 3, 4]	[0, 1, 3, 4]	
subject3_file_547	[3, 7, 8, 9]	[0, 1, 3, 4]	[0, 1, 3, 4]	[0, 3, 4]	[0, 1, 3, 4]	[0, 3, 4]	[3]	[3]	[3]	[3]	[3]	
subject3_file_562	[0, 4, 9]	[0, 1, 4, 9]	[0, 1, 3, 4, 9]	[0, 1, 3, 4, 9]	[0, 1, 3, 4]	[0, 1, 3, 4, 9]	[3]	[0, 1, 3, 4]	[0, 1, 3, 4]	[0, 1, 3, 4]	[0, 1, 3, 4]	
subject3_file_537	[3, 6]	[3]	[0, 1, 3, 4]	[3]	[3]	[3]	[3, 6]	[3]	[3]	[3]	[3]	
subject3_file_531	[3]	[3]	[0, 1, 3, 4]	[3]	[0, 1, 3, 4]	[3]	[3]	[3]	[3]	[3]	[3]	
subject2_file_880	[4, 9]	[0, 1, 4, 9]	[0, 1, 3, 4, 9]	[0, 1, 3, 4, 9]	[0, 1, 3, 4, 9]	[0, 1, 3, 4, 9]	[0, 1, 4, 9]	[0, 1, 4, 9]	[4, 9]	[4, 9]	[4, 9]	
subject2_file_872	[0, 6]	[0, 1, 4]	[0, 1, 3, 4]	[0, 1, 3, 4, 9]	[0, 1, 3, 4]	[0, 1, 3, 4, 9]	[3]	[0, 1, 3, 4]	[0, 1, 3, 4]	[0, 1, 3, 4]	[0, 1, 3, 4]	
subject2_file_847	[0, 6]	[0, 1, 4, 9]	[0, 1, 3, 4, 9]	[0, 1, 3, 4, 9]	[0, 1, 3, 4]	[0, 1, 3, 4, 9]	[3]	[0, 1, 3, 4]	[0, 1, 3, 4]	[0, 1, 3, 4]	[0, 1, 3, 4]	
subject2_file_899	[0, 4, 9]	[0, 1, 4, 9]	[0, 1, 3, 4]	[0, 1, 3, 4, 9]	[0, 1, 3, 4]	[0, 1, 3, 4, 9]	[3]	[0, 1, 3, 4]	[0, 1, 3, 4]	[0, 1, 3, 4]	[0, 1, 3, 4]	
subject2_file_85	[0, 1, 4]	[0, 1, 3, 4]	[0, 1, 3, 4]	[0, 1, 3, 4]	[0, 1, 3, 4]	[0, 1, 3, 4, 9]	[0, 1, 4, 9]	[0, 1, 4]	[0, 1, 3, 4]	[0, 1, 3, 4]	[0, 1, 4, 9]	
subject3_file_216	[3]	[3, 4]	[0, 1, 3, 4, 9]	[3]	[0, 1, 3, 4, 9]	[3]	[3]	[3]	[3]	[3, 4, 9]	[3]	
subject3_file_328	[0, 1, 3, 4, 7, 8]	[0, 1, 4, 9]	[0, 1, 3, 4, 9]	[0, 1, 3, 4, 9]	[0, 1, 3, 4]	[0, 1, 3, 4, 9]	[3]	[0, 1, 3, 4]	[0, 1, 3, 4]	[0, 1, 3, 4]	[0, 1, 3, 4]	
subject3_file_104	[4]	[0, 1, 4, 9]	[0, 1, 3, 4, 9]	[0, 1, 3, 4, 9]	[0, 1, 3, 4, 9]	[0, 1, 3, 4, 9]	[3]	[4, 9]	[4, 9]	[4, 9]	[4, 9]	
subject2_file_95	[0, 6]	[3]	[0, 3, 4]	[3]	[3]	[0, 3, 4, 9]	[3]	[3]	[0, 1, 3, 4]	[0, 1, 3, 4]	[0, 1, 3]	
subject3_file_364	[0, 1, 2, 4, 5]	[0, 1, 4, 9]	[0, 1, 3, 4, 9]	[0, 1, 3, 4, 9]	[0, 1, 3, 4, 9]	[0, 1, 3, 4]	[0, 1, 4, 9]	[0, 1, 3, 4]	[0, 1, 3, 4]	[0, 1, 3, 4]	[0, 1, 4, 9]	
subject3_file_402	[0, 1, 3]	[0, 1, 4, 9]	[0, 1, 3, 4, 9]	[0, 1, 3, 4, 9]	[0, 1, 3, 4, 9]	[0, 1, 4, 9]	[3]	[0, 1, 3, 4]	[0, 1, 3, 4]	[0, 1, 3, 4]	[0, 1, 4, 9]	
subject3_file_362	[3, 9]	[3]	[0, 3, 4, 9]	[3]	[0, 3, 4, 9]	[3]	[3]	[3]	[3]	[3]	[3]	
subject3_file_491	[0, 1, 4]	[0, 1, 4, 9]	[0, 1, 3, 4]	[0, 1, 3, 4, 9]	[0, 1, 3, 4, 9]	[0, 1, 4, 9]	[0, 1, 4, 9]	[0, 1, 3, 4]	[0, 1, 3, 4]	[0, 1, 3, 4]	[0, 1, 4, 9]	
subject3_file_439	[1, 3]	[0, 1, 4, 9]	[0, 1, 3, 4, 9]	[0, 1, 3, 4, 9]	[0, 1, 3, 4]	[0, 1, 3, 4, 9]	[0, 1, 3, 4, 9]	[0, 1, 3, 4]	[0, 1, 3, 4]	[0, 1, 3, 4]	[0, 1, 3, 4]	
subject3_file_197	[0, 1, 4]	[0, 1, 4, 9]	[0, 1, 3, 4, 9]	[0, 1, 3, 4, 9]	[0, 1, 3, 4, 9]	[0, 1, 3, 4]	[0, 1, 3, 4, 9]	[3]	[3]	[3, 4]	[3]	
subject3_file_388	[1, 3]	[3]	[0, 3, 4]	[3]	[0, 3, 4]	[3]	[3]	[3]	[3]	[3]	[3]	
subject3_file_318	[3]	[3, 4]	[3, 4, 9]	[3]	[3, 4, 9]	[3]	[3]	[3]	[3]	[3]	[3]	
subject3_file_11	[0, 1, 4]	[0, 1, 4, 9]	[0, 1, 3, 4, 9]	[0, 1, 3, 4, 9]	[0, 1, 3, 4, 9]	[0, 1, 3, 4, 9]	[3]	[0, 1, 3, 4]	[0, 1, 3, 4]	[0, 1, 3, 4]	[0, 1, 3, 4]	
subject3_file_10	[0, 1, 2, 4, 5]	[0, 1, 3, 4]	[0, 1, 3, 4]	[0, 1, 3, 4]	[1, 3, 4]	[0, 3]	[0, 1, 3, 4]	[0, 1, 3, 4]	[0, 1, 3]	[0, 1, 3, 4]	[0, 1, 3, 4]	
subject3_file_264	[3]	[3, 4]	[0, 1, 3, 4]	[3]	[3]	[3]	[3, 6]	[3]	[3]	[3]	[3]	
subject2_file_952	[9]	[0, 1, 3, 4]	[0, 1, 3, 4]	[0, 1, 3, 4, 9]	[0, 1, 3, 4]	[0, 1, 3, 4, 9]	[0, 3, 4, 9]	[0, 1, 4, 9]	[4, 9]	[4, 9]	[4, 9]	
subject3_file_520	[4, 9]	[0, 1, 4, 9]	[0, 1, 3, 4, 9]	[0, 1, 3, 4, 9]	[0, 1, 3, 4, 9]	[0, 1, 4, 9]	[3]	[0, 1, 4, 9]	[0, 1, 4, 9]	[4, 9]	[4, 9]	
subject3_file_5	[3]	[0, 1, 3, 4]	[0, 1, 3, 4]	[0, 3, 4]	[3]	[3]	[3, 6]	[3]	[3]	[3]	[3]	
subject3_file_418	[3]	[0, 1, 3, 4]	[0, 1, 3, 4]	[0, 1, 3, 4]	[0, 1, 3, 4]	[0, 1, 3, 4, 9]	[3]	[0, 1, 3, 4]	[0, 1, 3, 4]	[0, 1, 3, 4]	[0, 1, 3, 4]	
subject3_file_525	[9]	[0, 1, 4, 9]	[0, 1, 3, 4, 9]	[0, 1, 3, 4, 9]	[0, 1, 3, 4, 9]	[0, 1, 4, 9]	[3]	[0, 1, 4, 9]	[4, 9]	[4, 9]	[4, 9]	
subject3_file_207	[4, 5, 9]	[0, 1, 4, 9]	[0, 1, 3, 4]	[0, 1, 3, 4, 9]	[0, 1, 3, 4, 9]	[0, 1, 3, 4, 9]	[3]	[0, 1, 4, 9]	[4, 9]	[4, 9]	[4, 9]	
subject3_file_246	[0, 4, 9]	[3]	[0, 3, 4]	[3]	[3]	[0, 3, 4]	[3]	[3]	[0, 1, 3, 4]	[0, 1, 3, 4]	[0, 1, 3]	
subject3_file_61	[4, 9]	[0, 1, 4]	[0, 1, 3, 4]	[0, 3, 4, 9]	[0, 1, 3, 4, 9]	[0, 1, 3, 4, 9]	[0, 1, 4, 9]	[4, 9]	[4, 9]	[4, 9]	[4, 9]	
subject3_file_609	[4, 9]	[0, 1, 4, 9]	[0, 1, 3, 4, 9]	[0, 1, 3, 4, 9]	[0, 1, 3, 4, 9]	[0, 1, 3, 4, 9]	[3]	[0, 1, 4, 9]	[4, 9]	[4, 9]	[4, 9]	
subject3_file_901	[3, 6]	[3]	[0, 1, 3, 4]	[3]	[0, 1, 3, 4]	[3]	[3]	[3]	[3]	[3]	[3]	
subject3_file_853	[3]	[3]	[0, 1, 3, 4]	[3]	[3]	[3, 6]	[3]	[3]	[3]	[3]	[3]	
subject3_file_973	[0, 4, 9]	[0, 1, 4, 9]	[0, 1, 3, 4]	[0, 1, 3, 4, 9]	[0, 1, 3, 4]	[0, 1, 3, 4, 9]	[3]	[0, 1, 3, 4]	[0, 1, 3, 4]	[0, 1, 3, 4]	[0, 1, 3, 4]	
subject3_file_949	[1]	[0, 1, 4, 9]	[0, 1, 3, 4, 9]	[0, 1, 3, 4, 9]	[0, 1, 3, 4, 9]	[0, 1, 4, 9]	[0, 1, 4, 9]	[0, 1, 3, 4]	[0, 1, 3, 4]	[0, 1, 3, 4]	[0, 1, 4]	
subject3_file_808	[3]	[3]	[3]	[3]	[3]	[3]	[3]	[3]	[3]	[3]	[3]	
subject3_file_74	[0, 1, 4]	[0, 1, 3, 4]	[0, 1, 3, 4]	[0, 1, 3, 4]	[0, 1, 3, 4]	[0, 1, 3, 4, 9]	[3]	[0, 1, 3, 4]	[0, 1, 3, 4]	[0, 1, 3, 4]	[0, 1, 3, 4]	
subject3_file_775	[3, 7, 8]	[0, 1, 4, 9]	[0, 1, 3, 4, 9]	[0, 1, 3, 4, 9]	[0, 1, 3, 4, 9]	[0, 1, 3, 4]	[3]	[0, 4]	[3, 4, 9]	[0, 1, 4, 9]	[1, 4, 9]	
subject3_file_823	[0, 1, 3, 4, 7]	[0, 1, 4, 9]	[0, 1, 3, 4]	[0, 1, 3, 4]	[0, 1, 3, 4]	[0, 1, 3, 4, 9]	[3]	[0, 1, 3, 4]	[0, 1, 3, 4]	[0, 1, 3, 4]	[0, 1, 3, 4]	
subject3_file_640	[1, 3]	[0, 1, 4, 9]	[0, 1, 3, 4, 9]	[0, 1, 3, 4, 9]	[0, 1, 3, 4]	[0, 1, 3, 4, 9]	[3]	[0, 1, 3, 4]	[0, 1, 3, 4]	[0, 1, 3, 4]	[0, 1, 3, 4]	
subject3_file_807	[0, 1, 4]	[0, 1, 4]	[0, 1, 3, 4]	[0, 1, 3, 4, 9]	[0, 1, 3, 4, 9]	[0, 1, 4, 9]	[3]	[0, 1, 3, 4]	[0, 1, 3, 4]	[0, 1, 3, 4]	[0, 1, 4]	
subject3_file_951	[0, 1, 2, 4, 5]	[0, 1, 4, 9]	[0, 1, 3, 4, 9]	[0, 1, 3, 4, 9]	[0, 1, 3, 4, 9]	[0, 1, 4, 9]	[0, 1, 4, 9]	[0, 1, 4, 9]	[0, 1, 4, 9]	[0, 1, 4, 9]	[4, 9]	
subject3_file_991	[0, 3, 6]	[0, 1, 4, 9]	[0, 1, 3, 4, 9]	[0, 1, 3, 4, 9]	[0, 1, 3, 4]	[0, 1, 3, 4, 9]	[3]	[0, 1, 3, 4]	[0, 1, 3, 4]	[0, 1, 3, 4]	[0, 1, 3, 4]	
subject3_file_559	[0, 1, 3, 4]	[3, 4]	[0, 1, 3, 4, 9]	[0, 1, 3, 4, 9]	[0, 1, 3, 4]	[3]	[0, 1, 3, 4]	[3]	[0, 3]	[0, 1, 3, 4]	[0, 1, 3, 4]	
subject3_file_557	[3]	[0, 1, 4, 9]	[0, 1, 3, 4, 9]	[0, 1, 3, 4, 9]	[0, 1, 3, 4, 9]	[0, 1, 3, 4, 9]	[3]	[3]	[3]	[0, 3, 4]	[3]	
subject3_file_849	[3]	[3]	[0, 1, 3, 4]	[3, 4]	[3]	[3]	[3]	[3]	[3]	[3]	[3]	
subject3_file_85	[0, 4, 9]	[3, 4]	[0, 1, 3, 4]	[0, 1, 3, 4]	[0, 1, 3, 4]	[0, 3]	[3]	[3]	[3]	[3]	[3]	
subject3_file_818	[0, 1, 4]	[0, 1, 4, 9]	[0, 1, 3, 4]	[0, 1, 3, 4, 9]	[0, 1, 3, 4]	[0, 1, 3, 4, 9]	[0, 1, 4, 9]	[0, 1, 3, 4]	[0, 1, 3, 4]	[0, 1, 3, 4]	[0, 1, 4]	
subject3_file_884	[1, 3]	[0, 1, 4, 9]	[0, 1, 3, 4, 9]	[0, 1, 3, 4, 9]	[0, 1, 3, 4]	[0, 3, 4]	[3]	[0, 1, 3, 4]	[0, 1, 3]	[0, 1, 3, 4]	[0, 1, 3, 4]	
subject3_file_97	[3]	[3, 4]	[0, 1, 3, 4]	[3]	[0, 1, 3, 4]	[0, 3]	[3]	[3]	[0, 1, 3, 4]	[3]	[3]	
subject3_file_727	[0, 1, 4]	[3, 4]	[0, 1, 3, 4]	[0, 1, 3, 4]	[0, 1, 3, 4]	[3]	[3]	[3]	[0, 3]	[0, 1, 3, 4]	[0, 1, 3, 4]	
subject2_file_911	[9]	[0, 3, 4]	[0, 1, 3, 4, 9]	[3, 4]	[3, 4]	[0, 3, 4]	[0, 3, 4, 9]	[4, 9]	[4, 9]	[4, 9]	[4, 9]	
subject3_file_610	[0, 1, 3, 4]	[3, 4]	[0, 1, 3, 4, 9]	[0, 1, 3, 4, 9]	[0, 1, 3, 4, 9]	[0, 3, 4]	[3]	[3]	[3]	[3, 4]	[0, 1, 4, 9]	
subject3_file_88	[0, 1, 3, 4, 7]	[0, 1, 4, 9]	[0, 1, 3, 4]	[0, 1, 3, 4]	[0, 1, 3, 4]	[0, 1, 3, 4]	[3]	[0, 1, 3, 4]	[0, 1, 3]	[0, 1, 3, 4]	[0, 1, 3, 4]	
subject3_file_684	[1]	[0, 1, 3, 4]	[0, 1, 3, 4]	[0, 1, 3, 4]	[0, 1, 3, 4]	[0, 1, 3, 4, 9]	[0, 1, 3, 4, 9]	[0, 1, 3, 4]	[0, 1, 3, 4]	[0, 1, 3, 4]	[0, 1, 3, 4]	
subject3_file_718	[4]	[3]	[0, 3, 4]	[3]	[3, 4]	[3]	[3]	[3]	[3]	[3]	[3]	
subject3_file_850	[3]	[0, 1, 4, 9]	[0, 1, 3, 4, 9]	[0, 1, 3, 4, 9]	[0, 1, 3, 4]	[0, 1, 3, 4]	[3]	[0, 1, 3, 4]	[0, 1, 3, 4]	[0, 1, 3, 4]	[0, 1, 3, 4]	
subject3_file_67	[1]	[0, 1, 4, 9]	[0, 1, 3, 4, 9]	[0, 1, 3, 4, 9]	[0, 1, 3, 4, 9]	[0, 1, 4, 9]	[0, 1, 4, 9]	[0, 1, 3, 4]	[0, 1, 3, 4]	[0, 1, 3, 4]	[0, 1, 4, 9]	
subject3_file_829	[3, 6]	[3]	[0, 1, 3, 4]	[3]	[0, 1, 3, 4]	[3, 6]	[3, 6]	[3]	[3]	[3]	[3]	
subject3_file_867	[3]	[3, 4]	[0, 1, 3, 4]	[3]	[0, 1, 3, 4]	[0, 3, 4]	[3]	[3]	[3]	[3, 4]	[3]	
subject3_file_695	[1, 3]	[0, 1, 4, 9]	[0, 1, 3, 4, 9]	[0, 1, 3, 4, 9]	[0, 1, 3, 4]	[0, 1, 3, 4, 9]	[3]	[0, 1, 3, 4]	[0, 1, 3, 4]	[0, 1, 3, 4]	[0, 1, 3, 4]	
subject3_file_855	[4, 9]	[0, 1, 4, 9]	[0, 1, 3, 4]	[0, 1, 3, 4, 9]	[0, 1, 3, 4, 9]	[0, 1, 4, 9]	[3]	[0, 1, 4, 9]	[4, 9]	[4, 9]	[4, 9]	
subject3_file_974	[4, 5, 9]	[0, 1, 4, 9]	[0, 1, 3, 4, 9]	[0, 1, 3, 4, 9]	[0, 1, 3, 4, 9]	[0, 1, 3, 4]	[3]	[3]	[3]	[0, 3, 4]	[0, 3, 4]	
subject3_file_935	[4]	[3]	[0, 3, 4]	[3]	[3]	[3]	[0, 3]	[3]	[3]	[3]	[3]	
subject3_file_977	[3]	[3]	[0, 1, 3, 4]	[3]	[0, 1, 3, 4]	[3]	[3]	[3]	[3]	[3]	[3]	
subject3_file_893	[4, 9]	[0, 1, 4, 9]	[0, 1, 3, 4, 9]	[0, 1, 3, 4, 9]	[0, 1, 3, 4, 9]	[0, 1, 4, 9]	[3]	[0, 1, 4, 9]	[0, 1, 3, 4]	[0, 1, 3, 4]	[0, 1, 4]	
subject2_file_89	[0, 1, 2, 4, 5]	[0, 3, 4]	[0, 1, 3, 4]	[0, 3, 4, 9]	[0, 1, 3, 4]	[0, 1, 3, 4, 9]	[3]	[0, 3]	[0, 1, 3, 4]	[0, 1, 3, 4]	[0, 1, 3, 4]	
subject3_file_753	[0, 6]	[0, 1, 4, 9]	[0, 1, 3, 4, 9]	[0, 1, 3, 4, 9]	[0, 1, 3, 4, 9]	[0, 1, 3, 4, 9]	[3]	[3]	[0, 1, 3, 4]	[0, 1, 3]	[0, 1, 3]	
subject3_file_827	[0, 6]	[0, 1, 4, 9]	[0, 1, 3, 4, 9]	[0, 1, 3, 4, 9]	[0, 1, 3, 4]	[0, 1, 3, 4, 9]	[3]	[0, 1, 3, 4]	[0, 1, 3, 4]	[0, 1, 3, 4]	[0, 1, 3, 4]	
subject3_file_817	[3]	[0, 1, 4]	[0, 1, 3, 4]	[0, 1, 3, 4]	[0, 1, 3, 4]	[0, 3]	[3]	[3]	[3]	[3]	[3]	
subject3_file_9	[3]	[3]	[0, 1, 3, 4]	[3]	[0, 1, 3, 4]	[3, 6]	[3]	[3]	[3]	[3]	[3]	
subject3_file_999	[4, 5, 9]	[0, 1, 4, 9]	[0, 1, 3, 4, 9]	[0, 1, 3, 4, 9]	[0, 1, 3, 4, 9]	[0, 1, 3, 4, 9]	[3]	[0, 1, 3, 4]	[4, 9]	[0, 1, 4, 9]	[4, 9]	
subject3_file_99	[0, 1, 4]	[0, 1, 3, 4]	[0, 1, 3, 4]	[0, 3, 4]	[0, 1, 3, 4]	[0, 1, 3, 4, 9]	[3]	[0, 1, 3, 4]	[0, 1, 3, 4]	[0, 1, 3, 4]	[0, 1, 3, 4]	
subject2_file_840	[1, 3]	[0, 1, 4, 9]	[0, 1, 3, 4, 9]	[0, 1, 3, 4, 9]	[0, 1, 3, 4]	[0, 1, 3, 4, 9]	[3]	[0, 1, 3, 4]	[0, 1, 3, 4]	[0, 1, 3, 4]	[0, 1, 3, 4]	
subject3_file_931	[0, 6, 9]	[3]	[0, 3, 4]	[3]	[0, 3, 4]	[3]	[3]	[3]	[3]	[3]	[3]	
subject2_file_917	[3]	[0, 3, 4]	[0, 1, 3, 4, 9]	[0, 1, 3, 4, 9]	[3, 4]	[3]	[3]	[3]	[3]	[3]	[3]	
subject2_file_92	[0, 6]	[0, 1, 4]	[0, 1, 3, 4]	[0, 3, 4]	[3, 4]	[0, 1, 3, 4]	[3]	[0, 1, 3, 4]	[0, 1, 3, 4]	[0, 1, 3, 4]	[0, 1, 3, 4]	
subject3_file_62	[4, 5, 9]	[0, 1, 4, 9]	[0, 1, 3, 4, 9]	[0, 1, 3, 4, 9]	[0, 1, 3, 4, 9]	[0, 1, 4, 9]	[3]	[0, 1, 4, 9]	[4, 9]	[4, 9]	[4, 9]	
subject3_file_854	[0, 2, 4, 5]	[3, 4]	[0, 1, 3, 4, 9]	[3, 4, 9]	[0, 1, 3, 4, 9]	[0, 1, 3, 4, 9]	[3, 4, 9]	[3]	[3]	[0, 1, 3, 4]	[3]	
Total loss	-----	0.44589880108833313	0.4564235806465149	0.4408307373523712	0.4469811022281647	0.42471811175346375	0.4523881673812866	0.40606918931007385	0.3844560384750366	0.3865340054035187	0.3839515447616577	
F1 score	-----	0.5333333333333333	0.5210442194992009	0.5473321858864028	0.5343855693348365	0.5540460720614294	0.5190592051905921	0.5869565217391304	0.6114206128133703	0.6118904475617903	0.6166783461807989	
threshold sigmoid	-----	0.32	0.28	0.3	0.29	0.25	0.25	0.35	0.3	0.27	0.32	
